{
  "accuracy": [
    0.8863059878349304,
    0.9177422523498535,
    0.9231863021850586,
    0.9268048405647278,
    0.9274348616600037,
    0.9299226403236389,
    0.9316672682762146,
    0.9330403804779053,
    0.932232677936554,
    0.9343650341033936,
    0.9340419769287109,
    0.9353666305541992,
    0.9363197088241577,
    0.9370789527893066,
    0.9363843202590942,
    0.9370304942131042,
    0.9378705620765686,
    0.9389205574989319,
    0.9393244385719299
  ],
  "loss": [
    0.05634192377328873,
    0.035735901445150375,
    0.03170366585254669,
    0.029757367447018623,
    0.029757129028439522,
    0.02818642184138298,
    0.02732735499739647,
    0.026809435337781906,
    0.027216438204050064,
    0.02626313827931881,
    0.02645026706159115,
    0.025528568774461746,
    0.025030970573425293,
    0.024836910888552666,
    0.025364866480231285,
    0.024849295616149902,
    0.02479098178446293,
    0.024250315502285957,
    0.023831263184547424
  ],
  "precision": [
    0.8756923079490662,
    0.852497935295105,
    0.8346875905990601,
    0.8324786424636841,
    0.8263925313949585,
    0.8268402218818665,
    0.8304691314697266,
    0.8320949673652649,
    0.8278876543045044,
    0.8349100947380066,
    0.8335461020469666,
    0.8356640338897705,
    0.8376777172088623,
    0.8413130640983582,
    0.8342263698577881,
    0.8383370041847229,
    0.8419715166091919,
    0.8448699712753296,
    0.845841109752655
  ],
  "recall": [
    0.4774366617202759,
    0.6927528977394104,
    0.7496225237846375,
    0.7761281728744507,
    0.7889615893363953,
    0.8046468496322632,
    0.8106861114501953,
    0.8172286748886108,
    0.8182352185249329,
    0.8216742277145386,
    0.8215903639793396,
    0.8270424604415894,
    0.8302298188209534,
    0.8298104405403137,
    0.8357658386230469,
    0.8338366150856018,
    0.8339204788208008,
    0.8364368677139282,
    0.8376111388206482
  ],
  "val_accuracy": [
    0.9113157391548157,
    0.9213472008705139,
    0.9256118535995483,
    0.9260479807853699,
    0.9286648631095886,
    0.9297795295715332,
    0.9307002425193787,
    0.9320087432861328,
    0.9318148493766785,
    0.9315725564956665,
    0.9315240979194641,
    0.9335110187530518,
    0.9353041052818298,
    0.9355463981628418,
    0.9343833327293396,
    0.9353525638580322,
    0.9366610050201416,
    0.9371456503868103,
    0.937727153301239
  ],
  "val_loss": [
    0.038792818784713745,
    0.0343095026910305,
    0.032373249530792236,
    0.032167721539735794,
    0.030016660690307617,
    0.02935914695262909,
    0.02901332452893257,
    0.027990764006972313,
    0.02779385820031166,
    0.027787238359451294,
    0.027393653988838196,
    0.026662785559892654,
    0.026117363944649696,
    0.025751492008566856,
    0.026382168754935265,
    0.026612574234604836,
    0.026532208546996117,
    0.026673123240470886,
    0.025995206087827682
  ],
  "val_precision": [
    0.8839541673660278,
    0.8622496128082275,
    0.8613333106040955,
    0.829741358757019,
    0.847307026386261,
    0.8529493808746338,
    0.8475409746170044,
    0.8465893864631653,
    0.8449341654777527,
    0.8387096524238586,
    0.8463619351387024,
    0.8452759981155396,
    0.8499071598052979,
    0.8501059412956238,
    0.8425732254981995,
    0.8389830589294434,
    0.857602596282959,
    0.8557002544403076,
    0.8576748967170715
  ],
  "val_recall": [
    0.6210367679595947,
    0.7040764689445496,
    0.7315047979354858,
    0.7750377655029297,
    0.7679919600486755,
    0.7677403092384338,
    0.7805737257003784,
    0.7901358604431152,
    0.7911424040794373,
    0.7981882095336914,
    0.7873678803443909,
    0.8014594912528992,
    0.8064922094345093,
    0.807750403881073,
    0.8107700347900391,
    0.8220936059951782,
    0.8047307729721069,
    0.8102667331695557,
    0.8112732768058777
  ],
  "learning_rate": [
    0.0010000000474974513,
    0.0010000000474974513,
    0.0010000000474974513,
    0.0010000000474974513,
    0.0010000000474974513,
    0.0010000000474974513,
    0.0010000000474974513,
    0.0010000000474974513,
    0.0010000000474974513,
    0.0010000000474974513,
    0.0010000000474974513,
    0.0010000000474974513,
    0.0010000000474974513,
    0.0010000000474974513,
    0.0010000000474974513,
    0.0010000000474974513,
    0.0010000000474974513,
    0.0007000000332482159,
    0.0007000000332482159
  ]
}