{
  "accuracy": [
    0.8171757459640503,
    0.863922119140625,
    0.8826914429664612,
    0.8928729295730591,
    0.9026117920875549,
    0.9094289541244507,
    0.9135015606880188,
    0.9182824492454529,
    0.9206728935241699,
    0.9231518507003784,
    0.9264276027679443,
    0.9275785684585571,
    0.9286410212516785,
    0.9327135682106018,
    0.9352810978889465,
    0.9369632601737976,
    0.9393537044525146,
    0.9397963881492615,
    0.940858781337738,
    0.9416555762290955,
    0.9421868324279785,
    0.9425409436225891,
    0.9437804222106934,
    0.94227534532547,
    0.9419211745262146,
    0.9425409436225891,
    0.9432492256164551,
    0.9435148239135742,
    0.9454625844955444,
    0.9454625844955444,
    0.946082353591919,
    0.9466135501861572,
    0.9464364647865295,
    0.947056233882904,
    0.94776451587677,
    0.9482071995735168,
    0.9452854990959167,
    0.947233259677887,
    0.9482957124710083,
    0.9492695927619934,
    0.9498007893562317,
    0.9499778747558594,
    0.9499778747558594,
    0.95033198595047,
    0.9505975842475891,
    0.950863242149353,
    0.9512173533439636,
    0.9516600370407104,
    0.9518371224403381,
    0.9523683190345764,
    0.9524568319320679,
    0.9523683190345764,
    0.9525453448295593,
    0.9528110027313232,
    0.9523683190345764,
    0.9523683190345764,
    0.9526339173316956,
    0.9522797465324402,
    0.9522797465324402,
    0.9522797465324402,
    0.9523683190345764,
    0.9524568319320679,
    0.9528995156288147,
    0.9529880285263062,
    0.9530766010284424,
    0.9529880285263062,
    0.9528995156288147,
    0.9531651139259338,
    0.9535192847251892,
    0.9537848830223083,
    0.9538733959197998,
    0.9539619088172913,
    0.9543160796165466,
    0.9542275071144104,
    0.9542275071144104,
    0.9542275071144104
  ],
  "loss": [
    0.08033805340528488,
    0.050762519240379333,
    0.04359221085906029,
    0.038688190281391144,
    0.03557414934039116,
    0.03340424224734306,
    0.032114822417497635,
    0.030466677621006966,
    0.029302410781383514,
    0.028418712317943573,
    0.027510104700922966,
    0.027168171480298042,
    0.02677609585225582,
    0.026425963267683983,
    0.025220142677426338,
    0.0248236283659935,
    0.02444092370569706,
    0.024126194417476654,
    0.02380465157330036,
    0.023520484566688538,
    0.023273121565580368,
    0.02300836518406868,
    0.02281378023326397,
    0.02393428422510624,
    0.022898172959685326,
    0.022684531286358833,
    0.022314682602882385,
    0.02215731516480446,
    0.021782904863357544,
    0.02154935710132122,
    0.021373150870203972,
    0.02121662348508835,
    0.021069852635264397,
    0.020879745483398438,
    0.020712902769446373,
    0.020564597100019455,
    0.022358151152729988,
    0.020754368975758553,
    0.020273616537451744,
    0.020123442634940147,
    0.0200028158724308,
    0.019901420921087265,
    0.01980566419661045,
    0.019706470891833305,
    0.01962398737668991,
    0.01953698694705963,
    0.019377153366804123,
    0.019309066236019135,
    0.01924741268157959,
    0.019191816449165344,
    0.019078366458415985,
    0.019033106043934822,
    0.018987275660037994,
    0.018947452306747437,
    0.0188748799264431,
    0.018839558586478233,
    0.018806876614689827,
    0.01878102868795395,
    0.01874893717467785,
    0.018719332292675972,
    0.018693218007683754,
    0.01863723061978817,
    0.01860916055738926,
    0.018587026745080948,
    0.018567923456430435,
    0.018546417355537415,
    0.018525825813412666,
    0.018506299704313278,
    0.018462391570210457,
    0.018441811203956604,
    0.018427379429340363,
    0.018412699922919273,
    0.018378330394625664,
    0.01836737059056759,
    0.018357301130890846,
    0.018346525728702545
  ],
  "precision": [
    0.9430555701255798,
    0.9477726817131042,
    0.934974730014801,
    0.9239068627357483,
    0.915500283241272,
    0.9077669978141785,
    0.9028944969177246,
    0.8994613885879517,
    0.8981930613517761,
    0.8936079144477844,
    0.8996583819389343,
    0.8948470950126648,
    0.8927536010742188,
    0.900949239730835,
    0.907101571559906,
    0.908159077167511,
    0.9115008115768433,
    0.9110117554664612,
    0.9121101498603821,
    0.9127625226974487,
    0.913306474685669,
    0.9151172041893005,
    0.9162641167640686,
    0.9120128750801086,
    0.910549521446228,
    0.9104716181755066,
    0.9130609035491943,
    0.9105367660522461,
    0.9155715107917786,
    0.9152407646179199,
    0.9158061742782593,
    0.9163362383842468,
    0.9152810573577881,
    0.9171621203422546,
    0.9174239635467529,
    0.9189082384109497,
    0.9102715253829956,
    0.917558491230011,
    0.921272337436676,
    0.9216151833534241,
    0.9241461753845215,
    0.9248807430267334,
    0.9242063760757446,
    0.9246629476547241,
    0.9250891804695129,
    0.9251781702041626,
    0.925632894039154,
    0.926453173160553,
    0.926511287689209,
    0.9266850352287292,
    0.9267139434814453,
    0.9260134100914001,
    0.9260715842247009,
    0.9261586666107178,
    0.9253438115119934,
    0.9250097870826721,
    0.9254317283630371,
    0.9239811897277832,
    0.9236491918563843,
    0.9236491918563843,
    0.9236790537834167,
    0.9247058629989624,
    0.9258532524108887,
    0.9258823394775391,
    0.9259114265441895,
    0.9255486130714417,
    0.925186038017273,
    0.925606906414032,
    0.9267241358757019,
    0.9264763593673706,
    0.9268388152122498,
    0.9272015690803528,
    0.9283196330070496,
    0.9279561638832092,
    0.9279561638832092,
    0.9279561638832092
  ],
  "recall": [
    0.25120237469673157,
    0.45652979612350464,
    0.5479097366333008,
    0.6019237637519836,
    0.6533481478691101,
    0.6918238997459412,
    0.7155013084411621,
    0.7413984537124634,
    0.7539770603179932,
    0.7706252336502075,
    0.7795042395591736,
    0.7902330756187439,
    0.7976322770118713,
    0.8076211810112,
    0.8128005862236023,
    0.819459855556488,
    0.8268590569496155,
    0.8294487595558167,
    0.8331483602523804,
    0.8361080288887024,
    0.8379577994346619,
    0.8375878930091858,
    0.8420273661613464,
    0.8398076295852661,
    0.8398076295852661,
    0.8427672982215881,
    0.843137264251709,
    0.8472068309783936,
    0.8505364656448364,
    0.8509063720703125,
    0.8531261682510376,
    0.8549759387969971,
    0.8553459048271179,
    0.8560858368873596,
    0.8590455055236816,
    0.8594154715538025,
    0.8557158708572388,
    0.8564558029174805,
    0.8571957349777222,
    0.861265242099762,
    0.8608952760696411,
    0.8608952760696411,
    0.8616352081298828,
    0.8627451062202454,
    0.8634850382804871,
    0.8645948767662048,
    0.8657047748565674,
    0.8668146729469299,
    0.8675545454025269,
    0.869774341583252,
    0.8701443076133728,
    0.8705142140388489,
    0.8712541460990906,
    0.8723640441894531,
    0.8712541460990906,
    0.8716241121292114,
    0.8723640441894531,
    0.8723640441894531,
    0.872734010219574,
    0.872734010219574,
    0.8731039762496948,
    0.8723640441894531,
    0.8731039762496948,
    0.8734739422798157,
    0.8738438487052917,
    0.8738438487052917,
    0.8738438487052917,
    0.8745837807655334,
    0.8749537467956543,
    0.8764336109161377,
    0.8764336109161377,
    0.8764336109161377,
    0.8768035769462585,
    0.8768035769462585,
    0.8768035769462585,
    0.8768035769462585
  ],