{
  "accuracy": [
    0.5978765487670898,
    0.6310550570487976,
    0.6907763481140137,
    0.7246184349060059,
    0.7020570635795593,
    0.6960849165916443,
    0.7067020535469055,
    0.7266091704368591,
    0.7365627288818359,
    0.7564697861671448,
    0.7591241002082825,
    0.7690776586532593,
    0.7777040600776672,
    0.7863304615020752,
    0.7916390299797058,
    0.7942932844161987,
    0.8029196858406067,
    0.80491042137146,
    0.8142004013061523,
    0.8148639798164368,
    0.819508969783783,
    0.8228268027305603,
    0.8261446356773376,
    0.8281353712081909,
    0.8347710967063904,
    0.8367617726325989,
    0.8447245955467224,
    0.8453881740570068,
    0.8553417325019836,
    0.8546781539916992,
    0.8626410365104675,
    0.8626410365104675,
    0.8686131238937378,
    0.8692767024040222,
    0.8712674379348755,
    0.8779031038284302,
    0.8779031038284302,
    0.8798938393592834,
    0.8798938393592834,
    0.8805574178695679,
    0.8825480937957764,
    0.8865295052528381,
    0.887856662273407,
    0.8885202407836914,
    0.8891838192939758,
    0.8905109763145447
  ],
  "loss": [
    0.1382392942905426,
    0.09936884045600891,
    0.07663039863109589,
    0.06850132346153259,
    0.06428954005241394,
    0.061864953488111496,
    0.05986640229821205,
    0.05798593536019325,
    0.05597149580717087,
    0.05448827147483826,
    0.05257563665509224,
    0.05116382986307144,
    0.04964308813214302,
    0.048263322561979294,
    0.047178156673908234,
    0.04576724022626877,
    0.04432929307222366,
    0.04292554408311844,
    0.04190262407064438,
    0.040779534727334976,
    0.03986773267388344,
    0.038894232362508774,
    0.03808353468775749,
    0.0372593067586422,
    0.03650699555873871,
    0.03579174354672432,
    0.03515572473406792,
    0.03453478217124939,
    0.03394279628992081,
    0.033399585634469986,
    0.03291212022304535,
    0.032441429793834686,
    0.03194680064916611,
    0.03150695934891701,
    0.031063254922628403,
    0.030637476593255997,
    0.03024621307849884,
    0.02987934648990631,
    0.02954426035284996,
    0.02921832725405693,
    0.028867723420262337,
    0.02853419817984104,
    0.02821080945432186,
    0.027937719598412514,
    0.027737939730286598,
    0.02754356898367405
  ],
  "precision": [
    1.0,
    0.9830508232116699,
    0.9681528806686401,
    0.9583333134651184,
    0.9712643623352051,
    0.9696969985961914,
    0.9723756909370422,
    0.9763033390045166,
    0.969565212726593,
    0.9730769395828247,
    0.9734848737716675,
    0.9749103784561157,
    0.9760273694992065,
    0.9833887219429016,
    0.9807074069976807,
    0.9871382713317871,
    0.9817073345184326,
    0.9848024249076843,
    0.9770773649215698,
    0.9798850417137146,
    0.9749303460121155,
    0.9779005646705627,
    0.9756097793579102,
    0.9783783555030823,
    0.9715026021003723,
    0.9741601943969727,
    0.9679012298583984,
    0.9726368188858032,
    0.9691211581230164,
    0.9712918400764465,
    0.9677419066429138,
    0.9720930457115173,
    0.968397319316864,
    0.9727272987365723,
    0.9729119539260864,
    0.9756097793579102,
    0.9756097793579102,
    0.9736841917037964,
    0.971615731716156,
    0.9696312546730042,
    0.9698275923728943,
    0.9722222089767456,
    0.9703390002250671,
    0.9704017043113708,
    0.9704641103744507,
    0.970588207244873
  ],
  "recall": [
    0.011419249698519707,
    0.09461663663387299,
    0.24796085059642792,
    0.3376835286617279,
    0.27569329738616943,
    0.26101142168045044,
    0.2871125638484955,
    0.33605220913887024,
    0.36378467082977295,
    0.4127243161201477,
    0.41924959421157837,
    0.44371941685676575,
    0.4649266004562378,
    0.4828711152076721,
    0.4975530207157135,
    0.5008156895637512,
    0.5252854824066162,
    0.5285481214523315,
    0.5562806129455566,
    0.5562806129455566,
    0.5709624886512756,
    0.5774877667427063,
    0.5872756838798523,
    0.5905383229255676,
    0.6117455363273621,
    0.6150081753730774,
    0.6394779682159424,
    0.6378466486930847,
    0.6655791401863098,
    0.6623165011405945,
    0.6851549744606018,
    0.6818923354148865,
    0.6998368501663208,
    0.6982055306434631,
    0.7030994892120361,
    0.7177814245223999,
    0.7177814245223999,
    0.7243067026138306,
    0.7259380221366882,
    0.7292006611824036,
    0.7340946197509766,
    0.7422512173652649,
    0.7471451759338379,
    0.7487764954566956,
    0.7504078149795532,
    0.7536704540252686
  ],
  "val_accuracy": [
    0.6182902455329895,
    0.6719681620597839,
    0.7216699719429016,
    0.705765426158905,
    0.6898608207702637,
    0.6938369870185852,
    0.6998012065887451,
    0.7157057523727417,
    0.7316103577613831,
    0.7395626306533813,
    0.7395626306533813,
    0.763419508934021,
    0.7654075622558594,
    0.7733598351478577,
    0.7793240547180176,
    0.7833002209663391,
    0.789264440536499,
    0.7992047667503357,
    0.8051689863204956,
    0.8051689863204956,
    0.8170974254608154,
    0.8190854787826538,
    0.8190854787826538,
    0.8210735321044922,
    0.8230616450309753,
    0.8270377516746521,
    0.8290258646011353,
    0.833001971244812,
    0.8389661908149719,
    0.8389661908149719,
    0.8369781374931335,
    0.8429423570632935,
    0.8429423570632935,
    0.8449304103851318,
    0.8469184637069702,
    0.8508946299552917,
    0.8548707962036133,
    0.8568588495254517,
    0.8568588495254517,
    0.8608350157737732,
    0.8548707962036133,
    0.8548707962036133,
    0.8568588495254517,
    0.85884690284729,
    0.8608350157737732,
    0.8608350157737732
  ],
  "val_loss": [
    0.10993295907974243,
    0.08118189871311188,
    0.06975057721138,
    0.06491436064243317,
    0.062038227915763855,
    0.06009388715028763,
    0.05816981568932533,
    0.05608014762401581,
    0.05445899814367294,
    0.052827201783657074,
    0.05163758620619774,
    0.05019158124923706,
    0.04898330569267273,
    0.04784015193581581,
    0.04687080159783363,
    0.04585046321153641,
    0.0443565659224987,
    0.043531231582164764,
    0.042754627764225006,
    0.042098771780729294,
    0.04138261824846268,
    0.040795281529426575,
    0.040257737040519714,
    0.039804358035326004,
    0.0393662191927433,
    0.03899170085787773,
    0.03864944353699684,
    0.03837249055504799,
    0.03807538002729416,
    0.03784988075494766,
    0.037605948746204376,
    0.037409406155347824,
    0.03713279590010643,
    0.03692835196852684,
    0.03678746148943901,
    0.03666920214891434,
    0.03654581680893898,
    0.03642676770687103,
    0.036339450627565384,
    0.036309078335762024,
    0.03624579682946205,
    0.03632446750998497,
    0.03677169606089592,
    0.03703509643673897,
    0.03687404468655586,
    0.036929573863744736
  ],
  "val_precision": [
    1.0,
    1.0,
    0.9850746393203735,
    1.0,
    1.0,
    1.0,
    1.0,
    1.0,
    1.0,
    0.9868420958518982,
    0.9868420958518982,
    0.9777777791023254,
    0.9780219793319702,
    0.969072163105011,
    0.9700000286102295,
    0.970588207244873,
    0.9714285731315613,
    0.9727272987365723,
    0.9734513163566589,
    0.9819819927215576,
    0.9829059839248657,
    0.9830508232116699,
    0.9672130942344666,
    0.9599999785423279,
    0.9603174328804016,
    0.9609375,
    0.961240291595459,
    0.9618320465087891,
    0.9626865386962891,
    0.9492753744125366,
    0.9489051103591919,
    0.9436619877815247,
    0.9436619877815247,
    0.9440559148788452,
    0.9383561611175537,
    0.9452054500579834,
    0.9399999976158142,
    0.940397322177887,
    0.940397322177887,
    0.9411764740943909,
    0.9399999976158142,
    0.9399999976158142,
    0.940397322177887,
    0.9407894611358643,
    0.9411764740943909,
    0.9411764740943909
  ],