{
  "model": "eye_movement",
  "pretty_name": "Eye Movement",
  "accuracy": 0.821785725919411,
  "precision": 0.6143996134331964,
  "recall": 0.6905634758995248,
  "f1_score": 0.6502589017451895,
  "specificity": 0.8632039084597583,
  "roc_auc": 0.7061939192919027,
  "confusion_matrix": [
    [
      20142,
      3192
    ],
    [
      2279,
      5086
    ]
  ],
  "classification_report": {
    "0": {
      "precision": 0.8983542214887829,
      "recall": 0.8632039084597583,
      "f1-score": 0.8804283684843186,
      "support": 23334.0
    },
    "1": {
      "precision": 0.6143996134331964,
      "recall": 0.6905634758995248,
      "f1-score": 0.6502589017451895,
      "support": 7365.0
    },
    "accuracy": 0.821785725919411,
    "macro avg": {
      "precision": 0.7563769174609896,
      "recall": 0.7768836921796416,
      "f1-score": 0.765343635114754,
      "support": 30699.0
    },
    "weighted avg": {
      "precision": 0.8302306445537233,
      "recall": 0.821785725919411,
      "f1-score": 0.825208389900857,
      "support": 30699.0
    }
  }
}